Chromosome,Position,Reference,Mutant,Zygosity,Effect,Gene,Transcript,Amino_acid_pos,From,To,Dinuc,Validation_status,Validation_zygosity,Validation_comment
1,110101656,G,A,hom,Silent,EPS8L3,ENST00000361852,313.0,L,L,,,,
1,12092815,C,T,hom,Missense,TNFRSF8,ENST00000263932,215.0,P,S,,COSMIC,Hom,
1,1408335,A,T,het,Nonsense,ATAD3B,ENST00000378741,282.0,R,*,,,,
1,149069070,G,A,hom,Silent,ARNT,ENST00000342710,326.0,L,L,,COSMIC,Hom,
1,151658395,G,T,het,Missense,S100A7A,ENST00000329256,98.0,G,W,,,,
1,153531111,C,T,het,Missense,PKLR,ENST00000271946,262.0,G,S,,,,
1,154502405,G,A,hom,Missense,SMG5,ENST00000361813,549.0,P,L,,COSMIC,Hom,
1,15538568,C,T,het,Silent,FHAD1,ENST00000375998,328.0,F,F,,,,
1,165257703,C,G,het,Missense,MAEL,ENST00000367870,400.0,S,C,,,,
1,165921308,G,A,hom,Silent,RCSD1,ENST00000361496,45.0,R,R,,SOMATIC,Hom,
1,177871607,T,C,hom,Silent,TDRD5,ENST00000294848,494.0,D,D,,,,
1,182973388,G,A,het,Silent,EDEM3,ENST00000367512,52.0,D,D,,,,
1,195435737,A,C,het,Missense,ZBTB41,ENST00000367405,164.0,F,V,,SOMATIC,Het,
1,200136202,C,T,hom,Missense,LMOD1,ENST00000400965,188.0,E,K,,,,
1,201321623,G,A,het,Silent,MYOG,ENST00000241651,30.0,F,F,,,,
1,204797572,G,A,hom,Silent,RASSF5,ENST00000304534,16.0,E,E,,,,
1,208395699,C,T,hom,Missense,SYT14,ENST00000391907,376.0,S,F,,,,
1,20970100,G,A,het,Silent,HP1BP3,ENST00000360142,188.0,I,I,,,,
1,226558085,G,A,het,Missense,OBSCN,ENST00000359599,4463.0,A,T,,COSMIC,Het,
1,28478309,C,T,het,Silent,SESN2,ENST00000253063,442.0,L,L,,SOMATIC,,
1,35717235,G,A,het,Missense,KIAA0319L,ENST00000335883,278.0,P,S,,,,
1,46580916,C,T,het,Missense,AL122001.32,ENST00000401058,272.0,P,S,,,,
1,873379,G,A,hom,Silent,NOC2L,ENST00000327044,552.0,L,L,,,,
10,135129564,G,A,hom,Missense,AL161645.14-203,ENST00000368526,85.0,G,E,,,,
10,27377762,G,T,het,Silent,ANKRD26,ENST00000376070,153.0,P,P,,,,
10,27740831,C,T,het,Missense,PTCHD3,ENST00000329227,375.0,E,K,,,,
10,38385276,C,T,hom,Nonsense,ZNF33A,ENST00000307441,739.0,Q,*,,,,
10,61708907,C,T,hom,Silent,ANK3,ENST00000395304,36.0,G,G,,,,
11,124269036,G,A,hom,Silent,ROBO4,ENST00000306534,478.0,L,L,,,,
11,129563360,C,T,hom,Silent,ST14,ENST00000278742,75.0,L,L,,,,
11,17587831,C,T,hom,Missense,OTOG,ENST00000342528,488.0,P,S,,,,
11,30514186,G,A,hom,Missense,MPPED2,ENST00000358117,81.0,L,F,,SOMATIC,Hom,
11,387005,T,G,het,Silent,PKP3,ENST00000331563,168.0,G,G,,,,
11,4688077,G,A,hom,Missense,AC103710.2,ENST00000357170,232.0,E,K,,SOMATIC,Hom,
11,47307192,C,T,hom,Missense,MADD,ENST00000402192,1561.0,S,F,,COSMIC,Hom,
11,47549697,C,T,hom,Silent,PTPMT1,ENST00000326656,118.0,F,F,,SOMATIC,Hom,
11,48957073,G,A,hom,Missense,AC027369.8-203,ENST00000402751,222.0,S,F,,,,
11,5278967,C,T,hom,Silent,OR51B4,ENST00000380224,262.0,G,G,,,,
11,55175313,C,T,hom,Missense,OR4S2,ENST00000312422,120.0,R,C,,SOMATIC,Hom,
11,56837867,G,A,hom,Missense,TNKS1BP1,ENST00000358252,291.0,P,S,,,,
11,59027796,C,G,hom,Missense,OR4D11,ENST00000313253,58.0,P,A,,SOMATIC,Hom,
11,62105199,A,C,het,Missense,TUT1,ENST00000278279,215.0,C,W,,,,
11,66212792,C,T,hom,Missense,SPTBN2,ENST00000309996,2047.0,E,K,,,,
11,75529688,C,A,het,Missense,UVRAG,ENST00000356136,561.0,N,K,,,,
12,102623623,G,A,het,Silent,STAB2,ENST00000258495,15.0,V,V,,,,
12,107802968,C,T,het,Silent,DAO,ENST00000228476,19.0,I,I,,,,
12,111813060,C,T,het,Silent,RPH3A,ENST00000389385,544.0,I,I,,,,
12,112882088,C,T,het,Missense,RBM19,ENST00000261741,115.0,E,K,,,,
12,122855505,G,A,het,Silent,DNAH10,ENST00000339192,684.0,K,K,,SOMATIC,Het,
12,13110892,C,T,het,Nonsense,KIAA1467,ENST00000197268,302.0,R,*,,,,
12,1972718,G,A,het,Missense,DCP1B,ENST00000280665,98.0,P,S,,,,
12,44532234,G,A,het,Missense,ARID2,ENST00000334344,1354.0,R,K,,,,
12,4791008,C,T,het,Missense,KCNA6,ENST00000280684,514.0,P,S,,,,
12,55834559,C,T,het,Silent,LRP1,ENST00000243077,345.0,I,I,,,,
12,56145734,C,T,het,Silent,GLI1,ENST00000228682,204.0,S,S,,SOMATIC,,
12,56152071,C,T,het,Missense,GLI1,ENST00000228682,1094.0,S,F,,COSMIC,Het,
12,63523474,G,A,het,Missense,TBC1D30,ENST00000229088,213.0,G,E,,SOMATIC,Het,
12,73731159,A,G,het,Missense,KCNC2,ENST00000298972,298.0,L,S,,SOMATIC,Het,
12,7540846,G,A,het,Missense,CD163,ENST00000359156,310.0,P,L,,,,
12,78203825,G,A,het,Silent,SYT1,ENST00000261205,98.0,G,G,,,,
13,110085086,C,T,het,Missense,CARKD,ENST00000309957,205.0,P,S,,,,
13,110660242,C,T,het,Silent,ARHGEF7,ENST00000375737,118.0,S,S,,,,
13,23758482,G,A,het,Nonsense,SPATA13,ENST00000399949,186.0,W,*,,COSMIC,Het,
13,24569036,G,A,het,Missense,PABPC3,ENST00000281589,234.0,G,R,,,,
13,45525796,A,G,het,Missense,CPB2,ENST00000181383,409.0,F,S,,,,
13,96437950,C,A,het,Missense,OXGR1,ENST00000298440,22.0,G,V,,,,
13,99605282,A,C,het,Missense,PCCA,ENST00000376285,117.0,T,P,,,,
14,104251883,C,T,hom,Silent,INF2,ENST00000392634,1113.0,P,P,,,,
14,104714405,T,G,hom,Missense,NUDT14,ENST00000339418,44.0,T,P,,,,
14,106202243,C,T,hom,Silent,AB019437.1,ENST00000390632,61.0,G,G,,,,
14,36223807,G,A,hom,Silent,SLC25A21,ENST00000331299,226.0,I,I,,,,
14,93845865,C,A,hom,Missense,SERPINA6,ENST00000341584,282.0,R,L,,COSMIC,Hom,
15,29082465,C,T,hom,Missense,TRPM1,ENST00000256552,1152.0,E,K,,,,
15,69909672,C,A,het,Missense,MYO9A,ENST00000356056,2291.0,G,V,,SOMATIC,Het,
15,88014241,A,C,het,Missense,PLIN,ENST00000300055,191.0,L,R,,,,
15,89314690,C,T,het,Missense,PRC1,ENST00000361188,561.0,G,E,,SOMATIC,Het,
16,31880996,C,T,het,Silent,AC142381.2-201,ENST00000356559,29.0,F,F,,,,
16,31905787,C,T,het,Missense,AC142381.2-202,ENST00000398685,338.0,P,S,,,,
16,3553720,C,T,het,Missense,NLRC3,ENST00000301749,454.0,G,R,,,,
16,4791317,G,A,het,Silent,ROGDI,ENST00000322048,69.0,D,D,,,,
16,55613673,C,T,hom,Silent,NLRC5,ENST00000262510,100.0,F,F,,,,
16,66578933,G,A,hom,Missense,DPEP2,ENST00000268795,480.0,P,S,,,,
16,87307287,C,T,hom,Silent,C16orf84,ENST00000312060,268.0,C,C,,,,
17,10353679,G,A,het,Silent,MYH1,ENST00000226207,479.0,L,L,,,,
17,14614266,A,C,het,Missense,AC005863.1,ENST00000379640,108.0,L,R,,,,
17,16576696,G,A,het,Missense,CCDC144A,ENST00000360524,803.0,M,I,,,,
17,18005423,C,T,het,Missense,MYO15A,ENST00000359910,159.0,L,F,,,,
17,31119472,C,T,het,Missense,MMP28,ENST00000250144,296.0,G,E,,,,
17,37032148,C,T,het,Silent,KRT17,ENST00000326333,219.0,K,K,,,,
17,39688110,G,A,het,Silent,SLC4A1,ENST00000262418,627.0,T,T,,,,
17,4389780,G,A,het,Silent,MYBBP1A,ENST00000254718,1222.0,A,A,,,,
17,44229495,C,T,het,Missense,TTLL6,ENST00000393382,232.0,R,K,,SOMATIC,Het,
17,59376598,T,G,het,Missense,SCN4A,ENST00000006839,1192.0,T,P,,,,
17,7022419,G,A,het,Missense,ASGR1,ENST00000380920,63.0,P,L,,,,
17,70427390,A,G,het,Missense,USH1G,ENST00000319642,379.0,L,S,,,,
17,74078987,G,A,het,Silent,DNAH17,ENST00000300671,267.0,A,A,,,,
17,8080383,G,A,het,Splice,C17orf68,ENST00000315684,265.0,V,,,,,
18,13635427,C,T,het,Missense,C18orf1,ENST00000359446,194.0,P,L,,SOMATIC,,
18,21978525,G,A,het,Missense,PSMA8,ENST00000308268,36.0,G,E,,,,
18,48988131,C,T,het,Missense,DCC,ENST00000304775,603.0,R,C,,,,
19,14418316,C,T,het,Missense,PKN1,ENST00000242783,185.0,R,C,,COSMIC,Het,
19,15864197,C,T,het,Silent,CYP4F2,ENST00000392846,149.0,R,R,CC>TT,,,
19,15864198,C,T,het,Missense,CYP4F2,ENST00000392846,149.0,R,Q,CC>TT,,,
19,43792422,G,A,het,Silent,MAP4K1,ENST00000221409,298.0,P,P,,COSMIC,Het,
19,4499388,C,A,het,Silent,SEMA6B,ENST00000301292,447.0,L,L,,,,
19,45213327,T,A,het,Silent,ZNF546,ENST00000392042,379.0,V,V,,,,
19,45572270,C,T,het,Silent,PLD3,ENST00000392032,255.0,L,L,,SOMATIC,,
19,46136826,G,A,het,Silent,CYP2B7P1,ENST00000330446,199.0,L,L,,,,
19,46293655,G,A,het,Missense,CYP2A13,ENST00000330436,485.0,R,Q,,,,
19,4655197,G,A,het,Silent,DPP9,ENST00000262960,224.0,F,F,,,,
19,56678090,C,A,het,Silent,CEACAM18,ENST00000396477,227.0,P,P,,,,
19,57211864,C,T,het,Missense,ZNF614,ENST00000270649,267.0,G,S,,,,
19,57995195,A,G,het,Missense,ZNF28,ENST00000360272,519.0,I,T,,,,
19,58479258,C,A,het,Missense,AC092070.2-202,ENST00000338885,210.0,P,H,,,,
19,61866939,C,T,het,Silent,ZNF835,ENST00000342088,502.0,G,G,,,,
19,62532319,G,T,het,Silent,ZNF543,ENST00000391706,559.0,G,G,,,,
19,8944352,C,T,het,Missense,MUC16,ENST00000397910,2821.0,M,I,,,,
19,9832361,C,T,het,Missense,OLFM2,ENST00000264833,58.0,R,Q,,,,
2,102326217,G,A,het,Missense,IL1RL1,ENST00000233954,294.0,E,K,,SOMATIC,Het,
2,105249974,C,T,het,Splice,ENST00000258449,,,,,,,,
2,113587160,G,A,het,Splice,ENST00000409052,,,,,,,,
2,115817953,T,A,het,Missense,DPP10,ENST00000393146,76.0,I,N,,,,
2,130586076,C,T,het,Silent,A26C1B,ENST00000409914,293.0,K,K,,,,
2,135638640,G,C,het,Silent,RAB3GAP1,ENST00000264158,871.0,V,V,,SOMATIC,Het,
2,139145567,G,A,het,Missense,NXPH2,ENST00000272641,51.0,P,S,,SOMATIC,Het,
2,149507492,C,A,het,Silent,KIF5C,ENST00000334436,90.0,G,G,,,,
2,167468617,G,A,het,Missense,XIRP2,ENST00000409966,127.0,G,R,,SOMATIC,Het,
2,167818893,C,T,het,Nonsense,XIRP2,ENST00000328983,428.0,R,*,,,,
2,179005202,A,T,het,Nonsense,PRKRA,ENST00000325748,270.0,Y,*,,,,
2,197975024,G,A,het,Missense,SF3B1,ENST00000335508,718.0,P,L,,,,
2,201776730,T,C,het,Silent,CASP10,ENST00000272879,239.0,S,S,,COSMIC,Het,
2,202288737,G,A,het,Nonsense,ALS2,ENST00000264276,1303.0,Q,*,,COSMIC,Het,
2,21087319,C,A,het,Nonsense,APOB,ENST00000233242,1976.0,E,*,,UNCONFIRMED,,
2,21216661,C,T,het,Silent,AC010872.2,ENST00000405799,939.0,I,I,,,,
2,228106712,G,A,het,Missense,HRB,ENST00000409171,340.0,G,R,,COSMIC,Het,
2,230619347,C,T,het,Missense,SLC16A14,ENST00000295190,247.0,E,K,,,,
2,235626976,C,T,het,Splice,SH3BP4,ENST00000392011,890.0,A,V,,,,
2,241162678,G,A,het,Silent,RNPEPL1,ENST00000270357,185.0,E,E,GG>AA,,,
2,241162679,G,A,het,Missense,RNPEPL1,ENST00000270357,186.0,D,N,GG>AA,,,
2,241218648,A,C,het,Silent,GPR35,ENST00000403859,202.0,P,P,,,,
2,29098637,G,T,het,Silent,FAM179A,ENST00000379558,17.0,L,L,,,,
2,31474965,C,T,het,Silent,XDH,ENST00000379416,137.0,E,E,,,,
2,32586652,C,T,het,Nonsense,BIRC6,ENST00000261359,3240.0,Q,*,,,,
2,74333009,G,A,het,Missense,SLC4A5,ENST00000377632,428.0,S,F,GA>AT,,,
2,74333010,A,T,het,Missense,SLC4A5,ENST00000377632,428.0,S,T,GA>AT,,,
2,86254347,C,T,het,Missense,IMMT,ENST00000409258,120.0,E,K,,,,
2,91483421,T,C,het,Missense,AC127391.4-201,ENST00000398120,16.0,N,S,,,,
2,96313151,G,A,het,Missense,ASCC3L1,ENST00000323853,1538.0,R,C,,,,
2,96893501,G,A,hom,Missense,SEMA4C,ENST00000305476,407.0,R,W,,,,
20,29871765,C,A,het,Silent,MYLK2,ENST00000375985,76.0,P,P,,SOMATIC,,
20,34587707,G,T,het,Missense,DLGAP4,ENST00000373907,882.0,A,S,,,,
20,36044844,C,T,het,Splice,ENST00000373447,,,,,,,,
20,49008917,T,G,het,Missense,MOCS3,ENST00000244051,44.0,V,G,,,,
20,51626759,G,A,het,Missense,ZNF217,ENST00000302342,651.0,P,S,,COSMIC,Het,
20,55341667,G,A,het,Missense,SPO11,ENST00000371260,50.0,G,S,,SOMATIC,Hom,
20,57201146,G,A,het,Silent,ZNF831,ENST00000371030,559.0,R,R,,,,
21,13390728,C,T,het,Silent,ZNF834,ENST00000305570,328.0,E,E,,,,
21,33754625,G,A,het,Missense,TMEM50B,ENST00000381964,113.0,S,F,,,,
21,34419502,C,A,het,Missense,MRPS6,ENST00000381143,12.0,Q,K,,,,
21,44336309,G,A,het,Missense,TRAPPC10,ENST00000291574,983.0,G,D,,SOMATIC,Hom,
21,9928799,C,T,het,Missense,TPTE,ENST00000400230,545.0,D,N,,,,
22,16398796,G,A,het,Missense,CECR2,ENST00000355219,144.0,G,R,,,,
22,19044741,A,G,het,Silent,AC007731.16-204,ENST00000400460,34.0,P,P,,,,
22,36449999,G,A,het,Missense,TRIOBP,ENST00000344404,497.0,R,Q,,,,
22,37552694,G,A,het,Silent,NPTXR,ENST00000333039,285.0,S,S,,,,
22,40470996,G,A,het,Missense,MEI1,ENST00000300398,507.0,G,E,,SOMATIC,Hom,
22,45141667,G,A,het,Missense,CELSR1,ENST00000262738,2698.0,L,F,,,,
22,49410448,G,T,het,Silent,ARSA,ENST00000395619,505.0,P,P,,,,
3,101369322,G,A,het,Missense,C3orf26,ENST00000333147,156.0,V,I,,"REAL, SOMATIC UNKNOWN",Het,
3,114782246,G,A,het,Splice,SIDT1,ENST00000264852,221.0,M,I,,,,
3,122787762,G,A,het,Nonsense,ARGFX,ENST00000334384,191.0,W,*,,"REAL, SOMATIC UNKNOWN",Het,
3,132202831,G,A,het,Missense,ATP2C1,ENST00000359644,903.0,E,K,,,,
3,140245369,C,T,het,Missense,AC069525.16,ENST00000383163,262.0,E,K,,,,
3,141622805,A,C,het,Splice,CLSTN2,ENST00000332210,262.0,Q,H,,UNCONFIRMED,,SNP under confirmation primer
3,143686701,G,A,het,Silent,ATR,ENST00000350721,2064.0,L,L,,COSMIC,Het,
3,15090419,G,A,hom,Silent,ZFYVE20,ENST00000253699,743.0,I,I,,,,
3,151867429,C,T,het,Nonsense,C3orf44,ENST00000295910,521.0,W,*,,,,
3,162573181,C,T,het,Nonsense,AC112491.4,ENST00000318659,12.0,W,*,,,,
3,171121808,C,T,het,Missense,SAMD7,ENST00000335556,67.0,R,W,,,,
3,180615477,G,A,het,Missense,GNB4,ENST00000232564,107.0,P,L,,COSMIC,Het,
3,187249321,T,C,het,Missense,ETV5,ENST00000306376,445.0,Y,C,,COSMIC,Het,
3,191087024,G,T,het,Missense,TP63,ENST00000264731,499.0,M,I,,COSMIC,Het,
3,197000832,T,G,het,Missense,MUC4,ENST00000308466,646.0,T,P,,,,
3,38076317,G,A,het,Missense,DLEC1,ENST00000308059,215.0,D,N,,SOMATIC,Het,
3,38282450,C,T,het,Missense,SLC22A13,ENST00000311856,32.0,S,F,,,,
3,38718506,C,T,het,Silent,SCN10A,ENST00000333091,1495.0,V,V,,SOMATIC,Het,
3,38926642,C,T,het,Silent,SCN11A,ENST00000302328,340.0,T,T,,,,
3,40226397,C,T,het,Missense,MYRIP,ENST00000302541,572.0,P,S,,,,
3,48589339,T,C,het,Silent,COL7A1,ENST00000328333,1862.0,S,S,,,,
3,48671754,G,A,het,Silent,CELSR3,ENST00000164024,1106.0,I,I,,,,
3,51450541,G,A,het,Missense,VPRBP,ENST00000273612,309.0,P,L,,,,
3,52231832,C,T,het,Missense,TLR9,ENST00000360658,514.0,G,S,,,,
3,54512606,G,A,het,Silent,CACNA2D3,ENST00000398624,48.0,G,G,,SOMATIC,Het,
3,99466472,C,T,het,Silent,OR5H6,ENST00000359776,218.0,F,F,,,,
4,104730327,G,A,het,Silent,TACR3,ENST00000304883,453.0,F,F,,SOMATIC,Het,
4,176135017,G,A,het,Missense,ADAM29,ENST00000359240,589.0,G,E,,COSMIC,Het,
4,1927586,C,T,het,Silent,WHSC1,ENST00000382888,266.0,F,F,,"REAL, SOMATIC UNKNOWN",,
4,24867385,C,G,het,Silent,PI4K2B,ENST00000264864,249.0,L,L,,,,
4,39124649,C,T,het,Silent,KLB,ENST00000257408,636.0,S,S,,,,
4,48196382,G,A,het,Silent,FRYL,ENST00000264319,2952.0,F,F,,,,
4,56460790,C,T,het,Missense,EXOC1,ENST00000349598,759.0,P,S,,SOMATIC,Het,
4,56876612,C,T,het,Silent,AC068620.5,ENST00000264229,729.0,S,S,,,,
4,57492035,C,A,het,Missense,REST,ENST00000358605,729.0,P,T,,COSMIC,Het,
4,71290087,G,A,het,Missense,SMR3B,ENST00000304915,58.0,R,K,,,,
4,95421701,T,A,het,Missense,SMARCAD1,ENST00000394961,890.0,V,D,,COSMIC,Het,
5,153162176,G,A,hom,Missense,GRIA1,ENST00000285900,818.0,G,E,,SOMATIC,Hom,
5,248138,C,T,hom,Silent,AC021087.5,ENST00000328278,417.0,L,L,,,,
5,40889103,C,T,hom,Missense,CARD6,ENST00000254691,638.0,L,F,,COSMIC,Hom,
5,72180066,G,T,hom,Missense,TNPO1,ENST00000337273,38.0,Q,H,,SOMATIC,Hom,
5,74360479,G,T,hom,Silent,GCNT4,ENST00000322348,380.0,P,P,,,,
5,75616822,C,T,hom,Silent,SV2C,ENST00000322285,331.0,V,V,,,,
5,75949867,G,A,hom,Missense,F2RL2,ENST00000296641,141.0,L,F,,COSMIC,Het,
5,82535185,A,T,het,Missense,XRCC4,ENST00000338635,181.0,I,F,,,,
5,82825282,G,A,hom,Missense,CSPG2,ENST00000265077,203.0,D,N,,SOMATIC,Hom,
5,83438315,G,T,hom,Missense,EDIL3,ENST00000296591,187.0,Q,K,,COSMIC,Hom,
6,105709058,C,T,het,Splice,ENST00000369120,,,,,,,,
6,114371361,G,A,het,Splice,HDAC2,ENST00000368632,409.0,R,*,,COSMIC,Het,
6,131248060,G,A,het,Missense,EPB41L2,ENST00000337057,568.0,P,S,,,,
6,149966104,G,A,het,Missense,KATNA1,ENST00000367411,241.0,P,L,GG>AA,,,
6,149966105,G,A,het,Missense,KATNA1,ENST00000367411,241.0,P,S,GG>AA,,,
6,159318861,G,A,het,Silent,RSHL2,ENST00000367069,318.0,I,I,,,,
6,166803360,C,T,het,Missense,RPS6KA2,ENST00000405189,336.0,E,K,,COSMIC,Het,
6,3099144,G,A,het,Silent,TUBB2A,ENST00000333628,430.0,A,A,,,,
6,31692022,G,A,het,Missense,AIF1,ENST00000376051,52.0,R,K,,,,
6,32048102,G,A,het,Missense,STK19,ENST00000395649,117.0,R,K,,COSMIC,Het,
6,32056257,G,A,het,Nonsense,STK19,ENST00000375331,285.0,W,*,,COSMIC,Het,
6,32143564,C,T,het,Silent,TNXB,ENST00000375244,2132.0,R,R,,,,
6,33249269,C,T,het,Silent,COL11A2,ENST00000374697,804.0,P,P,,,,
6,34231082,G,A,het,Silent,GRM4,ENST00000374177,22.0,L,L,,,,
6,34614190,C,G,het,Missense,SPDEF,ENST00000374037,283.0,D,H,,COSMIC,Het,
6,34615148,G,A,het,Missense,SPDEF,ENST00000374037,229.0,S,L,,,,
6,35319751,G,A,het,Missense,SCUBE3,ENST00000274938,702.0,G,E,,,,
6,38673713,G,A,het,Missense,BTBD9,ENST00000403056,46.0,R,C,,SOMATIC,Het,
6,38901967,G,A,het,Missense,DNAH8,ENST00000327475,1302.0,R,Q,,SOMATIC,Het,
6,42218050,G,A,het,Silent,AL512274.9,ENST00000356542,37.0,T,T,,,,
6,42261512,C,T,het,Splice,GUCA1B,ENST00000230361,120.0,G,E,,,,
6,43137256,C,A,het,Silent,KLC4,ENST00000394058,69.0,R,R,,,,
6,43359019,C,T,het,Missense,TTBK1,ENST00000259750,855.0,P,S,,COSMIC,Hom,
6,47757122,A,C,het,Missense,GPR111,ENST00000296862,290.0,I,L,,,,
6,49812174,G,A,het,Silent,CRISP3,ENST00000371159,26.0,P,P,,,,
6,69405999,C,T,het,Silent,BAI3,ENST00000370598,237.0,T,T,,COSMIC,Het,
6,69815889,G,A,het,Missense,BAI3,ENST00000238918,755.0,D,N,,COSMIC,Het,
6,99430139,G,A,het,Silent,FBXL4,ENST00000229971,525.0,F,F,,,,
7,100255375,G,A,het,Missense,EPHB4,ENST00000358173,346.0,P,L,,COSMIC,Het,
7,100329367,G,A,het,Silent,ACHE,ENST00000357451,141.0,S,S,,,,
7,100329506,G,A,het,Missense,ACHE,ENST00000357451,95.0,T,I,,,,
7,100640440,G,A,het,Silent,PLOD3,ENST00000223127,502.0,I,I,,,,
7,103125688,C,T,het,Missense,RELN,ENST00000389115,331.0,E,K,,,,
7,113305539,C,T,het,Silent,PPP1R3A,ENST00000284601,948.0,T,T,,COSMIC,Het,
7,140099605,A,T,het,Missense,BRAF,ENST00000288602,600.0,V,E,,COSMIC,Het,
7,142034685,C,T,het,Missense,U66061.1,ENST00000390396,27.0,P,L,,,,
7,142128144,G,T,het,Nonsense,U66061.1,ENST00000390401,55.0,G,*,,SOMATIC,Het,
7,142470615,G,A,het,Silent,OR6W1P,ENST00000340373,11.0,L,L,,SOMATIC,Het,
7,148399291,C,T,het,Silent,ZNF786,ENST00000316286,501.0,R,R,,,,
7,149188929,C,A,het,Missense,ZNF862,ENST00000223210,583.0,Q,K,,,,
7,150280601,G,A,het,Missense,KCNH2,ENST00000262186,468.0,L,F,,,,
7,34664580,G,C,het,Missense,NPSR1,ENST00000359791,11.0,D,H,,SOMATIC,Het,
7,36372909,T,G,het,Missense,AC006960.1,ENST00000338533,23.0,Q,P,,,,
7,36426379,A,G,het,Missense,ANLN,ENST00000265748,649.0,Q,R,,,,
7,48653435,G,A,het,Missense,ABCA13,ENST00000319379,4893.0,G,D,,,,
7,76664234,T,C,het,Silent,FGL2,ENST00000248598,206.0,Q,Q,,,,
8,102680524,C,T,het,Missense,GRHL2,ENST00000251808,356.0,S,F,,,,
8,125620525,C,T,het,Splice,ENST00000276689,,,,,,,,
8,133114558,T,C,het,Missense,OC90,ENST00000254627,273.0,K,E,,COSMIC,Het,
8,144593533,G,A,het,Missense,ZC3H3,ENST00000262577,879.0,S,F,,,,
8,17655986,G,A,het,Silent,MTUS1,ENST00000262102,537.0,T,T,,,,
8,18302583,G,A,het,Missense,NAT2,ENST00000286479,264.0,E,K,,SOMATIC,Hom,
8,23202486,C,T,het,Silent,R3HCC1,ENST00000265806,60.0,F,F,,,,
8,26684053,C,T,het,Missense,ADRA1A,ENST00000358857,311.0,V,I,,SOMATIC,Het,
8,27364967,G,A,het,Missense,PTK2B,ENST00000397497,562.0,G,R,,,,
8,27835115,C,T,het,Missense,SCARA5,ENST00000301906,227.0,E,K,,,,
8,34300615,C,T,het,Missense,AC090993.5,ENST00000399893,30.0,D,N,,"REAL, SOMATIC UNKNOWN",Het,
8,37816872,G,A,het,Missense,GPR124,ENST00000021763,856.0,E,K,,,,
8,62375168,C,T,het,Silent,RLBP1L1,ENST00000325897,76.0,I,I,,SOMATIC,Het,
9,1046995,C,T,hom,Missense,DMRT2,ENST00000358146,470.0,P,S,,SOMATIC,Het,
9,104807233,G,A,het,Missense,CYLC2,ENST00000374798,167.0,D,N,,,,
9,114099951,G,A,het,Missense,ROD1,ENST00000394743,25.0,P,S,,,,
9,122707209,G,A,het,Silent,TRAF1,ENST00000373887,387.0,F,F,,,,
9,124279558,G,A,het,Missense,OR1J1,ENST00000259357,157.0,L,F,,UNCONFIRMED,,
9,124313679,C,T,het,Missense,OR1J2,ENST00000335302,260.0,L,F,,SOMATIC,Het,
9,127101124,C,T,het,Missense,GAPVD1,ENST00000312123,35.0,L,F,,,,
9,130458949,C,A,het,Splice,ENST00000372715,,,,,CC>AT,,,
9,130458950,C,T,het,Splice,ENST00000372715,,,,,CC>AT,,,
9,135288419,G,A,het,Missense,ADAMTS13,ENST00000338351,150.0,R,H,,SOMATIC,,
9,138231539,C,T,het,Missense,LHX3,ENST00000325195,90.0,G,E,,,,
9,32625359,C,A,het,Silent,TAF1L,ENST00000242310,73.0,L,L,,COSMIC,Het,
9,38517569,G,A,het,Missense,C9orf51,ENST00000377689,159.0,G,E,,,,
9,38583801,C,T,het,Missense,ANKRD18A,ENST00000399703,654.0,E,K,,,,
9,77989451,G,A,het,Missense,PCSK5,ENST00000396108,43.0,C,Y,,,,
9,94881619,G,A,het,Silent,SUSD3,ENST00000375469,144.0,T,T,,COSMIC,Het,
9,98733915,G,A,het,Missense,FAM22G,ENST00000335456,35.0,G,D,,,,
X,125513431,G,A,hom,Missense,WDR40B,ENST00000371126,281.0,S,F,,,,
X,12638549,C,A,het,Missense,FRMPD4,ENST00000304087,517.0,N,K,,,,
X,129190644,G,A,hom,Missense,ZNF280C,ENST00000066465,379.0,H,Y,GG>AA,COSMIC,Hom,
X,129190645,G,A,hom,Silent,ZNF280C,ENST00000066465,378.0,P,P,GG>AA,COSMIC,Hom,
X,1431284,C,T,hom,Silent,IL3RA,ENST00000331035,167.0,F,F,,,,
X,151977093,C,T,hom,Missense,PNMA3,ENST00000370264,342.0,P,L,,,,
X,17652412,G,A,hom,Missense,NHS,ENST00000380060,373.0,R,Q,,,,
X,54498879,G,A,het,Missense,FGD1,ENST00000375135,636.0,R,W,,COSMIC,Het,
